{
    "Mean Squared Error": 0.3707512307692308,
    "R2 Score": 0.49799896486302864
}